n_plus_m,time_prom[microseg.],time_desv_std[microseg.]
8,13.56,7.31272
16,10127.8,5960.37
24,6.37218e+06,1.30377e+06
28,1.87482e+08,4.55279e+07
